username;email
cgislason;cgislason@steuber.com
greenfelder;greenfelder.deangelo@yahoo.com
makenna90;makenna90@hessel.net
hill;hill.delmer@hotmail.com
okon;okon.adrianna@hotmail.com
pfannerstill;pfannerstill.willy@toy.org
chaya;chaya.schuppe@hotmail.com
madyson;madyson.rogahn@hermiston.com
valentine93;valentine93@walsh.net
bmayert;bmayert@gmail.com
tnitzsche;tnitzsche@yahoo.com
nernser;nernserhickle.biz
larson;larson.lauryn@yahoo.com
torphy;torphy.joany@schuppe.com
benedict;benedict.padberg@yahoo.com
drenner;drenner@stroman.com
kattie66;kattie66@emmerich.com
isai19;isai19@yahoo.com
chaim61;chaim61@yahoo.com
erdman;erdman.savannah@weimann.com
william;william.klein@yahoo.com
elody;elody.kessler@rowe.com
botsford;botsford.veronica@gmail.com
vanessa01;vanessa01@kshlerin.net
theodora49;theodora49@gmail.com
schuster;schuster.kari@medhurst.org
dietrich;dietrich.zoie@jenkins.com
brakus;brakus.christiana@hansen.com
tcummerata;tcummerata@kulas.com
igoyette;igoyette@green.biz
krista55;krista55@yahoo.com
maxwell;maxwell.daugherty@yahoo.com
kaycee;kaycee.denesik@gmail.com
theo;theo.king@gmail.com
xcronin;xcronin@lueilwitz.org
ines83;ines83@yahoo.com
beahan;beahan.arnaldo@yahoo.com
ecartwright;ecartwright@hotmail.com
onie;onie.hagenes@jacobs.com
swaniawski;swaniawski.laron@bode.biz
margaret;margaret.greenfelder@wiza.net
wbailey;wbailey@gmail.com
mante;mante.nathan@collins.com
kiara72;kiara72@stehr.com
eloise54;eloise54@wiegand.net
oscar;oscar.green@greenfelder.biz
amara;amara.stehr@mueller.com
homenick;homenick.francisco@schuster.com
gordon87;gordon87@gmail.com
wehner;wehner.elouise@gmail.com
graham;graham.dario@gmail.com
tillman;tillman.bernhard@yahoo.com
steve;steve.romaguera@hotmail.com
albina;albina.gutmann@brekke.com
ulices95;ulices95@gmail.com
wjohnston;wjohnston@yahoo.com
orville08;orville08@krajcik.com
lebsack;lebsack.constantin@yundt.com
herzog;herzog.tess@schiller.biz
regan58;regan58@hotmail.com
joesph44;joesph44@frami.biz
brooklyn93;brooklyn93@hotmail.com
bernier;bernier.winona@zboncak.org
skuvalis;skuvalis@frami.com
luettgen;luettgen.rosalinda@gmail.com
harley;harley.kertzmann@gmail.com
kuhlman;kuhlman.jerel@gmail.com
agustin;agustin.ziemann@hilpert.info
dayana;dayana.runolfsson@gmail.com
schmitt;schmitt.keegan@swaniawski.com
rafaela23;rafaela23@yahoo.com
lehner;lehner.damien@gmail.com
grimes;grimes.kory@lang.com
ansel;ansel.senger@carter.com
ostehr;ostehr@yahoo.com
roob;roob.adelia@gmail.com
lehner;lehner.julie@zboncak.net
twila27;twila27@gmail.com
reinger;reinger.duane@hyatt.com
kaley07;kaley07@hartmann.com
jheller;jheller@gmail.com
karley49;karley49@leannon.com
roderick92;roderick92@corwin.com
kautzer;kautzer.eleonore@hotmail.com
monte81;monte81@gmail.com
domingo;domingo.daugherty@mayert.com
bwiza;bwiza@hotmail.com
marquardt;marquardt.janick@gmail.com
deion;deion.block@baumbach.com
kfisher;kfisher@lebsack.com
nmayer;nmayer@ledner.org
graham;graham.leila@yahoo.com
jrunolfsson;jrunolfsson@murray.com
tmetz;tmetz@oberbrunner.com
helena;helena.will@herzog.com
chester73;chester73@yahoo.com
isai;isai.koss@osinski.net
mcdermott;mcdermott.hazle@yahoo.com
heathcote;heathcote.sigmund@hotmail.com
candace40;candace40@hotmail.com
darrell18;darrell18@rutherford.info
raoul38;raoul38@schaden.com
cbrekke;cbrekke@gmail.com
joesph;joesph.thompson@denesik.net
adams;adams.dudley@abshire.com
vhirthe;vhirthe@nienow.com
amani20;amani20@treutel.com
zieme;zieme.king@hotmail.com
thodkiewicz;thodkiewicz@hotmail.com
mcclure;mcclure.laron@hotmail.com
pgleichner;pgleichner@hotmail.com
vfeest;vfeest@yahoo.com
cordell;cordell.cremin@gmail.com
kutch;kutch.ernestine@yahoo.com
daisy;daisy.walter@yahoo.com
fmante;fmante@yahoo.com
tina56;tina56@reichel.com
rbaumbach;rbaumbach@hotmail.com
cremin;cremin.macey@yahoo.com
moore;moore.dandre@yahoo.com
devante21;devante21@eichmann.com
rwhite;rwhite@gmail.com
johns;johns.betty@bahringer.com
areichel;areichel@miller.com
enrico;enrico.renner@hotmail.com
kuphal;kuphal.zack@terry.com
erdman;erdman.lorenza@halvorson.com
agustina;agustina.reilly@yahoo.com
monserrate82;monserrate82@gmail.com
laisha;laisha.ryan@gmail.com
hodkiewicz;hodkiewicz.geraldine@jones.net
schneider;schneider.evert@mcclure.com
mills;mills.elvis@hotmail.com
heidenreich;heidenreich.rosalia@hessel.com
ebert;ebert.silas@muller.org
anderson;anderson.bianka@hotmail.com
conner13;conner13@kshlerin.biz
rutherford;rutherford.martina@hotmail.com
gkonopelski;gkonopelski@gmail.com
tromp;tromp.elwin@mraz.net
lindgren;lindgren.aditya@hotmail.com
vincent87;vincent87@emmerich.info
maci33;maci33@yahoo.com
walsh;walsh.deion@yahoo.com
olson;olson.misael@nikolaus.com
blake;blake.armstrong@kassulke.com
braun;braun.modesto@borer.com
sharvey;sharvey@gmail.com
ortiz;ortiz.rupert@wintheiser.com
alfreda;alfreda.cremin@kassulke.com
smith;smith.demarco@gmail.com
edavis;edavis@morar.com
hiram39;hiram39@wolff.com
laney;laney.terry@reilly.com
henry;henry.wilderman@casper.com
magali92;magali92@stamm.org
eugene;eugene.kohler@hotmail.com
langosh;langosh.andre@reichert.biz
jimmy;jimmy.brakus@hotmail.com
kulas;kulas.arnoldo@hotmail.com
elza98;elza98@grady.info
conn;conn.dayne@yahoo.com
ahagenes;ahagenes@gmail.com
jerrod62;jerrod62@gmail.com
qreinger;qreinger@fadel.biz
hansen;hansen.lauren@lindgren.com
gmetz;gmetz@gmail.com
belle92;belle92@stehr.com
pbatz;pbatz@roob.biz
dedric21;dedric21@yahoo.com
fhickle;fhickle@morissette.com
vena;vena.botsford@gmail.com
demarco14;demarco14@yahoo.com
stephon;stephon.nienow@halvorson.com
skuhlman;skuhlman@gmail.com
lakin;lakin.casandra@adams.com
hudson;hudson.eichmann@moen.com
beau35;beau35@hotmail.com
ellie95;ellie95@wisozk.net
ekuhic;ekuhic@hotmail.com
gregory26;gregory26@yahoo.com
giuseppe;giuseppe.swaniawski@nolan.com
pcasper;pcasper@yahoo.com
emard;emard.dolly@hotmail.com
larkin;larkin.jayme@medhurst.com
abigail41;abigail41@gmail.com
vnitzsche;vnitzsche@mohr.org
dietrich;dietrich.reilly@padberg.biz
harrison85;harrison85@gmail.com
krajcik;krajcik.elda@kertzmann.com
mollie;mollie.schaefer@yahoo.com
adeline79;adeline79@hotmail.com
fidel85;fidel85@yahoo.com
antonetta90;antonetta90@gmail.com
hilbert27;hilbert27@brown.com
retha17;retha17@schuster.biz
bud62;bud62@hotmail.com
thompson;thompson.garrick@nikolaus.info
elian42;elian42@block.com
freddy;freddy.feeney@fay.com
pschroeder;pschroeder@schowalter.com
wolf;wolf.dayana@collier.biz
dahlia33;dahlia33@gmail.com
igrimes;igrimes@yahoo.com
bernier;bernier.juanita@purdy.info
emilio39;emilio39@yahoo.com
bailee86;bailee86@yahoo.com
carlo72;carlo72@gmail.com
brenden02;brenden02@kautzer.biz
owisoky;owisoky@yahoo.com
edmund;edmund.grimes@crooks.com
dsimonis;dsimonis@gmail.com
odie;odie.cummings@stanton.info
rhodkiewicz;rhodkiewicz@thompson.net
ernestina;ernestina.mclaughlin@hotmail.com
jana;jana.ullrich@yahoo.com
ckuvalis;ckuvalis@pouros.com
jamal17;jamal17@yahoo.com
gerda29;gerda29@dietrich.com
mleffler;mleffler@yahoo.com
yherzog;yherzog@treutel.com
hailie;hailie.dickens@heaney.info
smayer;smayer@baumbach.com
mills;mills.ted@hoppe.com
ciara;ciara.farrell@hotmail.com
gleason;gleason.sylvester@howe.org
jermaine;jermaine.kuhic@fadel.org
norris;norris.haag@batz.net
kuphal;kuphal.shaun@lang.com
grant;grant.samara@gmail.com
okon;okon.ladarius@smitham.com
bergnaum;bergnaum.ruthie@schroeder.com
angelica59;angelica59@yahoo.com
griffin;griffin.wolf@gmail.com
rgutkowski;rgutkowski@yahoo.com
laisha26;laisha26@yahoo.com
patience;patience.leuschke@yahoo.com
hstamm;hstamm@williamson.org
kaya52;kaya52@hartmann.biz
maudie93;maudie93@lindgren.com
lonie;lonie.haley@wiza.com
chyna98;chyna98@ondricka.com